{
    "name": "DailyTrigger",
    "properties": {
        "type": "ScheduleTrigger",
        "typeProperties": {
            "recurrence": {
                "frequency": "Day",
                "interval": 1,
                "startTime": "2023-01-01T02:00:00Z",
                "timeZone": "UTC"
            }
        },
        "pipelines": [
            {
                "pipelineReference": {
                    "type": "PipelineReference",
                    "referenceName": "IncrementalLoadPipeline"
                }
            }
        ]
    }
}