{
    "name": "IncrementalLoadPipeline",
    "properties": {
        "activities": [
            {
                "name": "LookupLastWatermark",
                "type": "Lookup",
                "inputs": [
                    {
                        "referenceName": "AzureSqlDatabase",
                        "type": "DatasetReference"
                    }
                ],
                "typeProperties": {
                    "source": {
                        "type": "SqlSource",
                        "sqlReaderQuery": "SELECT * FROM WatermarkTable WHERE TableName = 'YourSourceTable'"
                    }
                }
            },
            {
                "name": "CopyIncrementalData",
                "type": "Copy",
                "inputs": [
                    {
                        "referenceName": "OnPremisesSqlServer",
                        "type": "DatasetReference"
                    }
                ],
                "outputs": [
                    {
                        "referenceName": "AzureSqlDatabase",
                        "type": "DatasetReference"
                    }
                ],
                "typeProperties": {
                    "source": {
                        "type": "SqlSource",
                        "sqlReaderQuery": "@concat('SELECT * FROM YourSourceTable WHERE ModifiedDate > ''', activity('LookupLastWatermark').output.firstRow.WatermarkValue, '''')"
                    },
                    "sink": {
                        "type": "SqlSink",
                        "writeBatchSize": 10000
                    }
                }
            }
        ]
    }
}